{
    "How do you replace coolant thermostat": [
        "https://www.wikihow.com/Replace-a-Thermostat-in-a-Car",
        "https://www.dummies.com/article/home-auto-hobbies/automotive/car-repair-maintenance/general-car-repair-maintenance/how-to-replace-your-vehicles-thermostat-206418/",
        "https://www.youtube.com/watch?v=2r0ZfPukgEQ",
        "https://knowhow.napaonline.com/know-how-notes-cooling-system-thermostat-replacement-tips/",
        "https://www.wikihow.com/Replace-a-Thermostat",
        "https://shop.advanceautoparts.com/r/car-projects/how-to-replace-a-vehicle-thermostat",
        "https://www.familyhandyman.com/project/car-care-how-to-replace-a-thermostat/",
        "https://www.howacarworks.com/cooling-systems/how-to-replace-a-car-thermostat",
        "https://axleaddict.com/auto-repair/How-to-Replace-a-Thermostat",
        "https://mechanicbase.com/coolant/thermostat-symptoms/"
    ],
    "How is library science vand information science related": [
        "https://informationmatters.org/2023/08/library-and-information-science-explained-and-embodied-in-5-minutes/",
        "https://csi.pressbooks.pub/lis/front-matter/introduction/",
        "https://en.wikipedia.org/wiki/Outline_of_library_and_information_science",
        "https://www.sciencedirect.com/topics/computer-science/library-and-information-science",
        "https://ischool.uw.edu/programs/mlis/what-is-library-science",
        "https://en.wikipedia.org/wiki/Library_and_information_science",
        "https://www.usnews.com/education/best-graduate-schools/articles/what-library-science-is-and-how-to-become-a-librarian",
        "https://guides.loc.gov/library-science/introduction",
        "https://open.umn.edu/opentextbooks/textbooks/1433",
        "https://www.youtube.com/watch?v=pfP7AjwIZI8"
    ],
    "Which phase is the non dividing stage": [
        "https://bio.libretexts.org/Bookshelves/Introductory_and_General_Biology/Book:_General_Biology_(Boundless)/10:_Cell_Reproduction/10.02:_The_Cell_Cycle/10.2B:_The_Mitotic_Phase_and_the_G0_Phase",
        "https://bio.libretexts.org/Bookshelves/Human_Biology/Book%3A_Human_Biology_(Wakim_and_Grewal)/07%3A_Cell_Reproduction/7.2%3A_Cell_Cycle_and_Cell_Division",
        "https://www.khanacademy.org/science/high-school-biology/hs-reproduction-and-cell-division/hs-the-cell-cycle-and-mitosis/a/hs-the-cell-cycle-and-mitosis-review",
        "https://bio.libretexts.org/Bookshelves/Genetics/Online_Open_Genetics_(Nickle_and_Barrette-Ng)/02%3A_Chromosomes_Mitosis_and_Meiosis/2.04%3A_The_Cell_Cycle_and_Changes_in_DNA_Content",
        "https://biologydictionary.net/interphase/",
        "https://www.khanacademy.org/science/ap-biology/cell-communication-and-cell-cycle/cell-cycle/a/phases-of-mitosis",
        "https://en.wikipedia.org/wiki/Cell_cycle",
        "http://www.biology.arizona.edu/cell_bio/tutorials/cell_cycle/cells2.html",
        "https://en.wikipedia.org/wiki/Mitosis",
        "https://www.khanacademy.org/science/ap-biology/cell-communication-and-cell-cycle/cell-cycle/a/cell-cycle-phases"
    ],
    "How much has michael vick worth after release from prison": [
        "https://www.forbes.com/sites/kurtbadenhausen/2011/08/30/is-michael-vick-worth-100-million/",
        "https://fanbuzz.com/nfl/michael-vick-net-worth/",
        "https://www.sportscasting.com/michael-vick-called-on-a-wealthy-celebrity-friend-to-help-him-get-out-of-17-6-million-worth-of-debt/",
        "https://www.msn.com/en-us/sports/nfl/michael-vick-was-one-of-the-highest-paid-nfl-players-then-his-fortune-nosedived-what-s-his-net-worth-now/ar-AA1hG56S",
        "https://www.grunge.com/367176/how-michael-vick-ended-up-with-no-money/",
        "https://www.espn.com/nfl/story/_/id/6826625/with-michael-vick-successfully-returning-time-prison-teams-took-chance-plaxico-burress",
        "https://www.celebritynetworth.com/richest-athletes/nfl/michael-vick-net-worth/",
        "https://www.npr.org/sections/thetwo-way/2011/08/30/140060853/-100-million-six-year-deal-for-michael-vick",
        "https://www.distractify.com/p/what-is-michael-vick-doing-now",
        "https://en.wikipedia.org/wiki/Michael_Vick"
    ],
    "How can you get rid of dog fleas": [
        "https://www.petmd.com/dog/general-health/flea-infestation-guide-how-kill-and-get-rid-fleas",
        "https://www.webmd.com/pets/remedies-for-fleas",
        "https://www.akc.org/expert-advice/health/forcing-the-fleas-to-flee/",
        "https://betterpet.com/how-to-get-rid-of-fleas-naturally/",
        "https://www.rspca.org.uk/adviceandwelfare/pets/general/fleas",
        "https://www.petmd.com/dog/general-health/how-to-handle-fleas-on-dogs",
        "https://www.akc.org/expert-advice/health/how-to-get-rid-of-fleas/",
        "https://www.nytimes.com/wirecutter/guides/how-to-get-rid-of-fleas/",
        "https://www.webmd.com/pets/remove-fleas-from-pet",
        "https://www.thesprucepets.com/how-to-get-rid-of-fleas-4690890"
    ],
    "This is the third largest oceans": [
        "https://oceaninfo.com/list/largest-oceans-and-seas/",
        "https://www.cia.gov/the-world-factbook/oceans/indian-ocean/",
        "https://www.worldatlas.com/articles/the-oceans-of-the-world-by-size.html",
        "https://www.bbc.co.uk/bitesize/articles/zvy2xbk",
        "https://www.americanoceans.org/facts/biggest-oceans-and-seas/",
        "https://www.livescience.com/29533-the-worlds-biggest-oceans-and-seas.html",
        "https://www.usatoday.com/story/news/2022/12/13/what-is-largest-ocean-on-earth/8191191001/",
        "https://largest.org/nature/oceans/",
        "https://www.thoughtco.com/geography-of-the-worlds-oceans-1435193",
        "https://earthhow.com/5-oceans/"
    ],
    "What is kristen steawerts brothers name": [
        "https://tvshowstars.com/kristen-stewart-siblings/",
        "https://en.wikipedia.org/wiki/Kristen_Stewart",
        "https://ecelebritymirror.com/celebrity-siblings/kristen-stewart-siblings/",
        "https://www.imdb.com/name/nm0829576/bio/",
        "https://starschanges.com/kristen-stewart/",
        "https://vergewiki.com/cameron-b-stewart",
        "https://www.celebsline.com/kristen-stewart/",
        "https://vergewiki.com/taylor-stewart",
        "https://www.bustle.com/articles/66146-does-kristen-stewart-have-any-siblings-shes-grew-up-with-a-band-of-brothers",
        "https://www.famousbirthdays.com/people/cameron-stewart.html"
    ],
    "What type of relief is the coastal plains": [
        "https://link.springer.com/referenceworkentry/10.1007/3-540-31060-6_56",
        "https://digitalcommons.wku.edu/cgi/viewcontent.cgi?article=1032&context=geog_fac_pub",
        "https://nittygrittyscience.com/textbooks/mapping-earths-surface/section-1-exploring-earths-surface/",
        "https://www.nationalgeographic.org/encyclopedia/coastal-plain/",
        "https://media.nationalgeographic.org/assets/reference/assets/coastal-plain-4.pdf",
        "https://www.britannica.com/place/Coastal-Plains-region-North-America",
        "https://www.britannica.com/science/coastal-landform",
        "https://www.britannica.com/science/coastal-landform/Landforms-of-erosional-coasts",
        "http://geology.blogs.wm.edu/coastal-plain/",
        "https://geographyrevisionalevel.weebly.com/2b1c-rocky-coasts-and-coastal-plains.html"
    ],
    "What do the word anteroposterior means": [
        "https://www.rxlist.com/anteroposterior/definition.htm",
        "https://www.merriam-webster.com/medical/anteroposterior",
        "https://www.collinsdictionary.com/dictionary/english/anteroposterior",
        "https://medical-dictionary.thefreedictionary.com/anteroposteriorly",
        "https://medical-dictionary.thefreedictionary.com/anteroposterior",
        "https://en.wikipedia.org/wiki/Anatomical_terms_of_location",
        "https://www.rxlist.com/anteroposterior_ap/definition.htm",
        "https://www.thefreedictionary.com/anteroposterior",
        "https://www.yourdictionary.com/anteroposterior",
        "https://www.collinsdictionary.com/dictionary/english/anteroposteriorly"
    ],
    "Does selena gomez have verizon wireless for her cell phone": [
        "https://www.reddit.com/r/NoStupidQuestions/comments/5uu5yi/do_rich_people_use_regular_wireless_carriers_like/",
        "https://hellogiggles.com/selena-gomez-cell-phone/",
        "https://www.youtube.com/watch?v=ii3fkqiCFAU",
        "https://topclassactions.com/lawsuit-settlements/consumer-products/cellphones/verizon-class-action-claims-iphone-promo-scam/",
        "https://www.billboard.com/music/pop/selena-gomez-verizon-commercial-kill-em-with-kindness-7431191/#!",
        "https://people.com/music/selena-gomez-didnt-have-phone-during-break",
        "https://graziamagazine.com/articles/selena-gomez-no-phone-three-months/",
        "https://www.ispot.tv/ad/Alpv/verizon-play-it-again-four-lines-featuring-selena-gomez",
        "https://www.thesun.co.uk/tvandshowbiz/celebrities/18203880/who-is-the-actress-in-the-xfinity-mobile-commercial/",
        "https://www.yahoo.com/lifestyle/selena-gomez-learned-not-using-000325223.html"
    ],
    "What is winston churchills big achievements": [
        "https://en.wikipedia.org/wiki/Winston_Churchill",
        "https://www.britannica.com/biography/Winston-Churchill",
        "https://worldhistoryedu.com/6-major-achievements-of-winston-churchill/",
        "https://www.history.com/topics/european-history/winston-churchill",
        "https://learnodo-newtonic.com/winston-churchill-accomplishments",
        "https://www.bbc.co.uk/newsround/31043477",
        "https://www.britannica.com/biography/Winston-Churchill/Military-successes-and-political-problems",
        "https://winstonchurchill.org/resources/reference/churchills-chart-of-achievements/",
        "https://www.biography.com/political-figures/winston-churchill",
        "https://worldhistoryedu.com/the-life-and-achievements-of-sir-winston-churchill/"
    ],
    "What is the value of a 1988 barbie collectible": [
        "https://www.nonamehiding.com/vintage-barbie-collector-price-guide/",
        "https://www.barbiedb.com/",
        "https://www.valuemystuff.com/us/blog/how-to-value-barbies",
        "https://www.txantiquemall.com/holiday-barbies-worth/",
        "https://www.ebay.com/b/1988-Holiday-Barbie-Dolls-Doll-Playsets/262346/bn_95103330",
        "https://bestbarbie.com/calculator/barbie-collector-s-price-calculator",
        "https://www.securcareselfstorage.com/blog/how-much-are-holiday-barbies-worth/",
        "https://www.lovetoknow.com/home/antiques-collectibles/value-collectible-barbie-dolls",
        "https://www.txantiquemall.com/value-of-collectible-barbie-dolls/",
        "https://www.invaluable.com/blog/vintage-barbie-dolls/"
    ],
    "Who does sleaner gomez love": [
        "https://www.elle.com/culture/celebrities/a42532449/who-is-drew-taggart-the-chainsmokers/",
        "https://www.elle.com/culture/celebrities/a45361358/selena-gomez-dating-history/",
        "https://www.eonline.com/news/1325384/selena-gomez-confirms-her-relationship-status-while-debuting-new-hairstyle",
        "https://www.harpersbazaar.com/celebrity/latest/a46077602/selena-gomez-benny-blanco-relationship-timeline/",
        "https://www.lifeandstylemag.com/posts/selena-gomezs-dating-history-her-relationships-over-the-years/",
        "https://www.distractify.com/p/who-is-selena-gomez-dating",
        "https://people.com/emmy-awards-2023-selena-gomez-benny-blanco-make-their-official-couple-debut-at-show-8430503",
        "https://www.seventeen.com/celebrity/celebrity-couples/a27033836/selena-gomez-dating/",
        "https://www.cnn.com/2023/12/08/entertainment/selena-gomez-relationship-benny-blanco-intl-scli/index.html",
        "https://people.com/music/selena-gomez-dating-history/"
    ],
    "How many books selling online": [
        "https://www.statista.com/topics/1474/e-books/",
        "https://www.grandviewresearch.com/industry-analysis/online-book-services-market",
        "https://wordsrated.com/ebooks-sales-statistics/",
        "https://wordsrated.com/online-book-sales-statistics/",
        "https://scanse.io/blog/ebooks-vs-printed-books-statistics-sales-trends/",
        "https://www.bookweb.org/btw-topics/industry-statistics",
        "https://www.zippia.com/advice/us-book-industry-statistics/",
        "https://www.forbes.com/advisor/business/how-to-sell-books-online/",
        "https://www.statista.com/topics/1177/book-market/",
        "https://www.statista.com/statistics/185431/us-online-shops-and-mail-order-houses-sales-figures-for-books-and-magazines/"
    ],
    "How much anderson shelters cost in ww2": [
        "https://primaryfacts.com/506/anderson-shelter-facts/",
        "https://www.thehistorypress.co.uk/articles/shelter-at-home-in-the-second-world-war/",
        "https://historyforkids.org/anderson-shelter-facts-and-information/",
        "https://andersonshelters.org.uk/",
        "https://www.bbc.co.uk/history/ww2peopleswar/stories/62/a3953162.shtml",
        "https://en.wikipedia.org/wiki/Air_raid_shelter",
        "https://www.historyhit.com/facts-about-anderson-shelters/",
        "https://ww2db.com/weapon.php?q=368",
        "https://andersonshelters.org.uk/a-history-of-the-anderson-shelter/",
        "https://www.bbc.co.uk/history/ww2peopleswar/stories/29/a1125929.shtml"
    ],
    "What is an exzmple of soliloquy": [
        "https://www.litcharts.com/literary-devices-and-terms/soliloquy",
        "https://www.wix.com/wordsmatter/blog/2020/12/what-is-a-soliloquy/",
        "https://literarydevices.net/soliloquy/",
        "https://liberalarts.oregonstate.edu/wlf/what-soliloquy-definition-and-examples",
        "https://www.thoughtco.com/soliloquy-literary-definition-4169546",
        "https://literarydevices.com/soliloquy/",
        "https://en.wikipedia.org/wiki/Soliloquy",
        "https://www.masterclass.com/articles/poetry-101-what-is-a-soliloquy-learn-the-difference-between-soliloquy-monologue-and-an-aside-with-examples",
        "https://smartblogger.com/soliloquy-examples/",
        "https://www.merriam-webster.com/dictionary/soliloquy"
    ],
    "Who invented first electirc stove and when": [
        "https://www.thoughtco.com/history-of-the-oven-from-cast-iron-to-electric-1992212",
        "https://en.wikipedia.org/wiki/Electric_stove",
        "https://en.wikipedia.org/wiki/Kitchen_stove",
        "https://housegrail.com/who-invented-the-kitchen-stove-and-when/",
        "https://www.edinformatics.com/inventions_inventors/electric_stove.htm",
        "https://en.wikipedia.org/wiki/Lloyd_Groff_Copeman",
        "https://interestingengineering.com/innovation/the-history-behind-the-15-kitchen-appliances-that-changed-the-way-we-live",
        "https://stoveadvice.com/when-were-electric-stoves-invented/",
        "https://www.chefsresource.com/who-invented-the-electric-stove/",
        "https://www.cbsnews.com/news/almanac-the-first-electric-stove/"
    ],
    "What kind of cells make electricity from light": [
        "https://health.howstuffworks.com/human-body/systems/nervous-system/human-body-make-electricity.htm",
        "https://www.hellovaia.com/explanations/physics/electricity/electric-cells/",
        "https://www.iberdrola.com/innovation/photovoltaic-photoelectric-cells",
        "https://chem.libretexts.org/Courses/Brevard_College/CHE_104%3A_Principles_of_Chemistry_II/01%3A_Electrochemistry/1.10%3A_Electrolysis-_Using_Electricity_to_Do_Chemistry",
        "https://www.science.org.au/curious/technology-future/solar-pv",
        "https://www.energy.gov/eere/solar/solar-photovoltaic-cell-basics",
        "https://www.khanacademy.org/science/ap-biology/cellular-energetics/photosynthesis/a/light-dependent-reactions",
        "https://www.britannica.com/technology/cell-electronics",
        "https://www.nature.com/scitable/topicpage/cell-energy-and-cell-functions-14024533/",
        "https://www.explainthatstuff.com/how-photoelectric-cells-work.html"
    ],
    "Advantages and disadvantages of a bank": [
        "https://efinancemanagement.com/financial-management/advantages-and-disadvantages-of-banks",
        "https://www.thebalancemoney.com/the-pros-and-cons-of-banks-vs-credit-unions-4077714",
        "https://www.reviewjournal.com/business/6-pros-and-cons-of-traditional-banks/",
        "https://www.nerdwallet.com/article/small-business/advantages-disadvantages-business-bank-loan",
        "https://www.investopedia.com/financial-edge/1211/why-you-should-stick-with-the-big-banks.aspx",
        "https://www.businessinsider.com/personal-finance/why-bank-local",
        "https://www.usnews.com/banking/articles/pros-and-cons-of-online-banking",
        "https://www.fool.com/the-ascent/banks/articles/the-biggest-pros-and-cons-of-online-banks/",
        "https://www.thebalancemoney.com/types-of-bank-accounts-315458",
        "https://www.investopedia.com/articles/pf/11/benefits-and-drawbacks-of-internet-banks.asp"
    ],
    "What is the difference between an electrician and an electrical engineer": [
        "https://www.indeed.com/career-advice/finding-a-job/electrician-vs-electrical-engineer",
        "https://expertpickhub.com/tools/for-electricians/electrical-engineer-vs-electrician/",
        "https://www.plcgurus.net/electrical-engineer-vs-electrician/",
        "https://www.indeed.com/career-advice/finding-a-job/electrical-engineering-vs-electrician",
        "https://www.tradifyhq.com/blog/electrician-vs-electrical-engineer",
        "https://jobs.newscientist.com/article/electrical-engineer-vs-electrician",
        "https://ca.indeed.com/career-advice/finding-a-job/electrician-vs-electrical-engineer",
        "https://electronicshacks.com/electrician-vs-electrical-engineer/",
        "https://uk.indeed.com/career-advice/finding-a-job/electrician-vs-electrical-engineer",
        "https://www.neit.edu/blog/electrician-vs-electrical-engineer"
    ],
    "What is the sequence to obtain a DNA fingerprint": [
        "https://www.genome.gov/genetics-glossary/DNA-Fingerprinting",
        "https://biologywise.com/dna-fingerprinting-process",
        "https://en.wikipedia.org/wiki/DNA_profiling",
        "https://openoregon.pressbooks.pub/mhccbiology112/chapter/gel-electrophoresis-and-dna-fingerprinting/",
        "https://le.ac.uk/dna-fingerprinting/explained",
        "https://microbeonline.com/dna-fingerprinting/",
        "https://biologydictionary.net/dna-fingerprinting/",
        "https://www.britannica.com/science/DNA-fingerprinting",
        "https://www.webmd.com/a-to-z-guides/dna-fingerprinting-overview",
        "https://bio.libretexts.org/Bookshelves/Microbiology/Microbiology_Laboratory_Manual_(Hartline)/01%3A_Labs/1.32%3A_DNA_Fingerprinting"
    ],
    "Where is nadia comasneci 's academy the perfect ten": [
        "https://www.bustle.com/articles/177062-where-is-nadia-comaneci-now-life-since-the-olympic-gymnasts-historic-perfect-10-has-been-full",
        "https://www.europeana.eu/en/blog/nadia-comaneci-the-first-olympic-gymnast-to-score-a-perfect-10",
        "https://www.guinnessworldrecords.com/news/60at60/2015/8/1976-first-gymnast-to-score-a-perfect-10-at-an-olympics-games-392959",
        "https://www.biography.com/athletes/nadia-comaneci",
        "https://olympics.com/en/news/snapped-reflections-and-revelations-on-comaneci-s-perfect-10",
        "https://www.youtube.com/watch?v=adlaLvSYjs8",
        "https://www.eurosport.com/olympics/essential-stories/2021/the-essential-olympic-stories-nadia-comaneci-s-odyssey-and-the-perfect-10_sto8359474/story.shtml",
        "https://fanbuzz.com/olympics/nadia-comaneci-now/",
        "https://www.youtube.com/watch?v=eBrwQ7-I6t8",
        "https://www.washingtonpost.com/sports/olympics/in-1976-comanecis-perfect-10s-made-her-the-perfect-one/2020/08/08/270df474-d988-11ea-a788-2ce86ce81129_story.html"
    ],
    "One pound of confectioners sugar equals how many ounces": [
        "https://coolconversion.com/cooking-weight-volume/one%7Epound%7Eof%7Econfectioner%C2%B4s+sugar%7Eto%7Ecup",
        "https://www.bhg.com/recipes/how-to/bake/cups-in-one-pound-powdered-sugar/",
        "https://theteadetective.com/sugar/1-lb-of-confectioners-sugar-equals-how-many-cups.html",
        "https://www.dominosugar.com/baking-tips-how-tos/measurement-and-conversion-charts",
        "https://www.traditionaloven.com/culinary-arts/sugars/powder-sugar/convert-pound-lb-powder-sugar-to-ounce-oz-powder-sugar.html",
        "https://www.myrecipes.com/how-to/cooking-questions/cups-of-sugar-in-pound",
        "https://www.traditionaloven.com/culinary-arts/sugars/confectioners-sugar/convert-pound-lb-confectioner-sugar-to-ounce-oz-confectioner-sugar.html",
        "https://www.traditionaloven.com/conversions_of_measures/sugar_amounts.html",
        "https://bakeitwithlove.com/cups-in-a-box-of-powdered-sugar/",
        "https://coolconversion.com/cooking-volume-weight/1%7Ecup%7Eof%7Econfectioner%C2%B4s+sugar%7Eto%7Eounce"
    ],
    "What skills are needed to become a surgeon to be successful": [
        "https://resumecat.com/career/surgeon/skills",
        "https://www.careerexplorer.com/careers/surgeon/how-to-become/",
        "https://www.forbes.com/advisor/education/become-a-surgeon/",
        "https://www.facs.org/for-medical-professionals/education/programs/so-you-want-to-be-a-surgeon/section-i-surgical-traits/",
        "https://www.rcseng.ac.uk/careers-in-surgery/careers-support/skills-and-qualities-of-a-surgeon/",
        "https://futuredoctor.ai/should-i-be-a-surgeon/",
        "https://www.indeed.com/career-advice/finding-a-job/reasons-to-become-surgeon",
        "https://www.sgu.edu/blog/medical/essential-qualities-for-becoming-a-surgeon/",
        "https://www.verywellhealth.com/how-to-become-a-doctor-or-a-surgeon-3157309",
        "https://www.indeed.com/career-advice/finding-a-job/skills-of-a-surgeon"
    ],
    "How much does a 1996 chevy lumina weigh": [
        "https://www.kbb.com/chevrolet/lumina-passenger/1996/specs/",
        "https://en.wikipedia.org/wiki/Chevrolet_Lumina",
        "https://www.edmunds.com/chevrolet/lumina/1996/sedan/st-17335/features-specs/",
        "https://www.ultimatespecs.com/car-specs/Chevrolet/4770/1996-Chevrolet-Lumina-II-31i.html",
        "https://www.cars.com/research/chevrolet-lumina-1996/",
        "https://www.automobile-catalog.com/make/chevrolet_usa/lumina_2gen/lumina_2gen_sedan/1996.html",
        "https://www.kbb.com/chevrolet/lumina/1996/",
        "https://www.kbb.com/chevrolet/lumina/1996/specs/",
        "https://www.edmunds.com/chevrolet/lumina/1996/st-17335/features-specs/",
        "https://www.edmunds.com/chevrolet/lumina/1996/features-specs/"
    ],
    "The precipitaion of a cougar": [
        "https://animalia.bio/cougar",
        "https://en.wikipedia.org/wiki/Cougar",
        "https://animalfactguide.com/animal-facts/cougar/",
        "https://www.nationalgeographic.com/animals/mammals/facts/cougar",
        "https://westernwildlife.org/cougar-felis-concolor/biology-behavior/",
        "https://mountainlion.org/cougars-and-climate/",
        "https://kids.nationalgeographic.com/animals/mammals/facts/mountain-lion",
        "https://animalia.bio/north-american-cougar",
        "https://www.nwf.org/Educational-Resources/Wildlife-Guide/Mammals/Mountain-Lion",
        "https://www.forestwildlife.org/how-does-a-cougar-adapt-to-its-environment/"
    ],
    "What are the Functions of proteins to the body": [
        "https://www.verywellhealth.com/what-does-protein-do-8419502",
        "https://www.nature.com/scitable/topicpage/protein-function-14123348/",
        "https://medlineplus.gov/genetics/understanding/howgeneswork/protein/",
        "https://www.khanacademy.org/science/biology/macromolecules/proteins-and-amino-acids/a/introduction-to-proteins-and-amino-acids",
        "https://www.verywellhealth.com/what-is-a-protein-5076292",
        "https://med.libretexts.org/Bookshelves/Nutrition/Human_Nutrition_2020e_(Hawaii)/06%3A_Protein/6.05%3A_Proteins_Functions_in_the_Body",
        "https://www.healthline.com/nutrition/functions-of-protein",
        "https://bio.libretexts.org/Bookshelves/Introductory_and_General_Biology/Book%3A_General_Biology_(Boundless)/03%3A_Biological_Macromolecules/3.07%3A_Proteins_-_Types_and_Functions_of_Proteins",
        "https://med.libretexts.org/Courses/Metropolitan_State_University_of_Denver/Introduction_to_Nutrition_(Diker)/06%3A_Proteins/6.05%3A_Proteins_Functions_in_the_Body",
        "https://www.eufic.org/en/whats-in-food/article/what-are-proteins-and-what-is-their-function-in-the-body"
    ],
    "How much did the vietnam war cost per day": [
        "https://www.usatoday.com/story/money/2019/06/13/cost-of-war-13-most-expensive-wars-in-us-history/39556983/",
        "https://www.thebalancemoney.com/vietnam-war-facts-definition-costs-and-timeline-4154921",
        "https://alphahistory.com/vietnamwar/costs-of-the-vietnam-war/",
        "https://thevietnamwar.info/how-much-vietnam-war-cost/",
        "https://www.history.com/topics/vietnam-war/vietnam-war-history",
        "https://www.statista.com/topics/10008/us-war-in-vietnam/",
        "https://www.britannica.com/event/Vietnam-War",
        "https://www.brown.edu/news/2021-09-01/costsofwar",
        "https://www.history.navy.mil/research/library/online-reading-room/title-list-alphabetically/c/costs-major-us-wars.html",
        "https://en.wikipedia.org/wiki/Vietnam_War"
    ],
    "Largest living life on earth": [
        "https://www.discovery.com/nature/the-largest-living-thing-on-earth-is-a-3-5-square-mile-fungus",
        "https://en.wikipedia.org/wiki/Largest_organisms",
        "https://www.thoughtco.com/biggest-living-things-on-earth-4070240",
        "https://www.newscientist.com/gallery/biggest-organisms/",
        "https://en.wikipedia.org/wiki/Lists_of_organisms_by_population",
        "https://www.deseret.com/utah/2021/8/15/22609608/worlds-largest-and-possibly-oldest-living-organism-resides-in-utah-aspens",
        "https://www.scientificamerican.com/article/strange-but-true-largest-organism-is-fungus/",
        "https://www.britannica.com/video/185607/living-organisms-survey-representatives-plant-Earth-kingdoms",
        "https://www.worldatlas.com/articles/what-is-the-largest-living-thing-in-the-world.html",
        "https://www.treehugger.com/largest-living-things-organisms-planet-4859216"
    ],
    "The twinkling of stars is caused by": [
        "https://starlust.org/why-do-stars-twinkle/",
        "https://en.wikipedia.org/wiki/Twinkling",
        "https://record.umich.edu/articles/mystery-of-twinkling-stars-explained/",
        "https://starchild.gsfc.nasa.gov/docs/StarChild/questions/question26.html",
        "https://www.livescience.com/32315-why-do-stars-twinkle.html",
        "https://www.vedantu.com/physics/why-do-stars-twinkle",
        "https://www.khanacademy.org/science/optics-essentials/x0484cce4552ac2a3:how-telescopes-and-microscopes-work/x0484cce4552ac2a3:why-does-a-straw-look-bent-in-water/v/why-do-stars-twinkle-but-planets-dont",
        "https://www.zmescience.com/feature-post/space-astronomy/astronomy-articles/why-stars-twinkle-10112021/",
        "https://starwalk.space/en/news/why-do-stars-twinkle",
        "https://science.howstuffworks.com/why-do-stars-twinkle.htm"
    ],
    "What kind of music is listened toin costa rica": [
        "https://worldmusiccentral.org/world-music-resources/musician-biographies/costa-rican-music/",
        "https://en.wikipedia.org/wiki/Music_of_Costa_Rica",
        "https://www.wikiwand.com/en/Music_of_Costa_Rica",
        "https://explorecostarica.org/traditional-music-and-dance-a-cultural/",
        "https://www.donquijote.org/costarican-culture/traditions/music/",
        "https://www.costarica.com/culture/costa-rican-music",
        "https://ticotravel.com/the-music-of-costa-rica/",
        "https://www.benvaughn.com/the-popular-music-genres-of-costa-rica/",
        "https://costarica.org/people/music/",
        "https://www.sanjosecostarica.com/music-in-costa-rica-traditional-and-modern/"
    ],
    "Width of a football field in yards": [
        "https://americansportsplanet.com/dimensions-of-a-football-field-all-you-need-to-know/",
        "https://americanfootballguide.com/how-wide-is-an-american-football-field/",
        "https://www.rookieroad.com/football/questions/how-many-yards-wide-is-a-field/",
        "https://www.rookieroad.com/football/questions/what-are-the-dimensions-of-an-american-field/",
        "https://athlonsports.com/college-football/how-long-football-field",
        "https://turftank.com/us/academy/how-big-is-a-football-field/",
        "https://www.stack.com/a/the-dimensions-of-a-football-field/",
        "https://thatsportlife.com/how-many-yards-is-a-football-field/",
        "https://www.dimensions.com/element/american-football-field",
        "https://en.wikipedia.org/wiki/American_football_field"
    ],
    "What is revolution of the sun": [
        "https://nasaeclips.arc.nasa.gov/video/ourworld/our-world-suns-position",
        "https://www.britannica.com/video/151528/Earth-rotation-axis-revolution-Sun",
        "https://en.wikipedia.org/wiki/Solar_rotation",
        "https://www.space.com/58-the-sun-formation-facts-and-characteristics.html",
        "https://www.space.com/does-the-sun-rotate",
        "https://science.nasa.gov/sun/facts/",
        "https://www.thoughtco.com/revolution-geography-definition-1434848",
        "https://www.thoughtco.com/rotation-and-revolution-definition-astronomy-3072287",
        "https://geo.libretexts.org/Courses/Lumen_Learning/Book%3A_Earth_Science_(Lumen)/16%3A_Stellar_Evolution_and_Our_Sun/16.04%3A_The_Sun_and_the_Earth-Moon_System",
        "https://en.wikipedia.org/wiki/Earth%27s_orbit"
    ],
    "How do snakes adapt to there enviornment": [
        "https://www.snakesforpets.com/how-do-snakes-adapt-to-the-desert/",
        "https://www.pestkeen.com/how-to-understand-the-adaptation-of-snakes-to-different-environments/",
        "https://www.atlasobscura.com/articles/garter-snakes-oregon-climate-change",
        "https://allanimalsguide.com/how-do-snakes-adapt-to-their-environment/",
        "https://faunafacts.com/snakes/snake-adaptations/",
        "https://zoonerdy.com/how-do-snakes-adapt-to-their-environment/",
        "https://environment.des.qld.gov.au/wildlife/animals/living-with/snakes/importance",
        "https://naturemuseum.org/2021/02/sssuper-snake-adaptations/",
        "https://primaryhomeworkhelp.co.uk/adaptations/snakes.htm",
        "https://phys.org/news/2020-05-sea-snakes-underwater-million-years.html"
    ],
    "Lil wayne 's favorite type of movie": [
        "https://en.wikipedia.org/wiki/The_Carter",
        "https://www.tvguide.com/celebrities/lil-wayne/credits/3030057363/",
        "https://www.lilwaynehq.com/filmography/",
        "https://www.ranker.com/list/best-lil-wayne-movies-list-of-lil-wayne-films/reference",
        "https://www.imdb.com/filmosearch/?sort=year&role=nm1211443",
        "https://en.wikipedia.org/wiki/Lil_Wayne",
        "https://www.rottentomatoes.com/celebrity/1135309-lil_wayne",
        "https://celebrityinside.com/music/rapper-lil-wayne-favorite-movie-color-cars-number-biography/",
        "https://www.imdb.com/name/nm1211443/",
        "https://www.mtv.com/news/0fo44z/lil-wayne-favorite-movie-of-2012-so-far"
    ],
    "Where to get legendary pokemon on tppcrpg": [
        "https://forums.tppc.info/showthread.php?t=570421",
        "https://wiki.tppc.info/Legendary_Pok%C3%A9mon",
        "https://www.digitaltrends.com/gaming/pokemon-lets-go-how-to-catch-legendary-pokemon/",
        "https://www.tppcrpg.net/",
        "https://wiki.tppc.info/Training_Accounts",
        "https://bulbapedia.bulbagarden.net/wiki/TPPC",
        "https://wiki.tppc.info/TPPC_Wiki",
        "https://pixelmonmod.com/wiki/Legendary_Pokemon",
        "https://tpkrpg.net/forums/view_thread.php?id=4034",
        "https://forums.tppc.info/showthread.php?t=149516"
    ],
    "What is moon jelly a radial or bilateral": [
        "https://indianapublicmedia.org/amomentofscience/the-radical-radial-summetry-of-moon-jellyfish.php",
        "https://www.thoughtco.com/moon-jellyfish-4692397",
        "https://manoa.hawaii.edu/exploringourfluidearth/biological/invertebrates/structure-and-function",
        "https://www.americanoceans.org/species/moon-jelly/",
        "https://www.lamar.edu/arts-sciences/biology/study-abroad-belize/marine-critters/marine-critters-2/moon-jelly.html",
        "https://animaldiversity.org/accounts/Aurelia_aurita/",
        "https://animaldiversity.org/accounts/Aurelia_labiata/",
        "https://www.theatlantic.com/technology/archive/2015/06/jellyfish-regenerate-stay-symmetrical/396029/",
        "https://oceanfauna.com/moon-jellyfish/",
        "https://en.wikipedia.org/wiki/Aurelia_aurita"
    ],
    "Does she love corbin blu": [
        "https://people.com/celebrity/corbin-bleu-and-sasha-clements-are-married/",
        "https://www.thelist.com/675579/inside-monique-coleman-and-corbin-bleus-relationship/",
        "https://heavy.com/entertainment/hallmark/corbin-bleu-wife/",
        "https://people.com/tv/who-is-sasha-clements-corbin-bleu/",
        "https://www.the-sun.com/entertainment/4232407/who-is-corbin-bleu-married-to/",
        "https://culturess.com/2021/07/31/interview-hallmark-channel-corbin-bleu-love-for-real/",
        "https://people.com/celebrity/corbin-bleu-wedding-photos/",
        "https://www.etonline.com/news/193996_corbin_bleu_marries_longtime_love_sasha_clements",
        "https://www.hitc.com/en-gb/2021/12/04/are-corbin-bleu-and-monique-coleman-married/",
        "https://www.eonline.com/news/1354229/see-the-moment-corbin-bleu-met-future-wife-sasha-in-the-grocery-store"
    ],
    "What is grammatical cohesion": [
        "https://www.eapfoundation.com/writing/cohesion/",
        "https://files.eric.ed.gov/fulltext/EJ1101750.pdf",
        "https://aeo.sllf.qmul.ac.uk/writing/cohesion-and-coherence/",
        "https://documents.uow.edu.au/content/groups/public/@web/@stsv/@ld/documents/doc/uow195608.pdf",
        "https://www.academia.edu/2344329/Grammatical_and_Lexical_Cohesion",
        "https://is.muni.cz/el/fss/podzim2020/CJVA101/99340132/Cohesion_in_Academic_Writing.pdf",
        "https://academicmarker.com/academic-guidance/vocabulary/cohesive-devices/what-are-the-four-types-of-grammatical-cohesion/",
        "https://www.teachingenglish.org.uk/professional-development/teachers/knowing-subject/c/cohesion",
        "https://eltconcourse.com/training/initial/grammar_essentials/cohesion_essentials.html",
        "https://en.wikipedia.org/wiki/Cohesion_(linguistics)"
    ],
    "What family does a lizard come from": [
        "https://kids.britannica.com/kids/article/lizard/353393",
        "https://en.wikipedia.org/wiki/Gecko",
        "https://www.britannica.com/animal/lizard/Natural-history",
        "https://en.wikipedia.org/wiki/Lizard",
        "https://www.britannica.com/animal/lizard",
        "https://animalcorner.org/animals/lizards/",
        "https://a-z-animals.com/animals/lizard/",
        "https://animals.sandiegozoo.org/animals/lizard",
        "https://www.livescience.com/56017-lizard-facts.html",
        "https://www.britannica.com/animal/lizard/Annotated-classification"
    ],
    "How much do event planners make yearly": [
        "https://money.usnews.com/careers/best-jobs/meeting-convention-and-event-planner/salary",
        "https://www.salary.com/research/salary/recruiting/event-planner-salary",
        "https://www.socialtables.com/blog/event-planning/how-much-do-event-planners-make/",
        "https://www.glassdoor.com/Salaries/event-planner-salary-SRCH_KO0,13.htm",
        "https://www.thimble.com/blog/how-much-do-event-planners-make",
        "https://builtin.com/salaries/marketing/event-planner",
        "https://www.indeed.com/career-advice/pay-salary/how-much-do-event-planners-make",
        "https://www.careerexplorer.com/careers/event-planner/salary/",
        "https://www.indeed.com/career/event-planner/salaries",
        "https://www.payscale.com/research/US/Job=Event_Planner/Salary"
    ],
    "What did the person that invented the first motor bike look like": [
        "https://en.wikipedia.org/wiki/History_of_the_motorcycle",
        "https://www.the-sun.com/news/3439422/who-invented-first-motorcycle/",
        "https://www.rideapart.com/features/264790/ask-rideapart-what-was-the-first-motorcycle-ever-built/",
        "https://www.cardosystems.com/blog/the-history-of-the-motorcycle/",
        "https://science.howstuffworks.com/innovation/inventions/first-motorcycle.htm",
        "https://ridersturf.com/history-of-motorcycle-invention/",
        "https://www.topspeed.com/motorcycles/motorcycle-news/who-invented-motorcycles-the-story-of-the-first-motorcycle/",
        "https://www.motorverso.com/the-genius-behind-motorcycles-their-birth-and-evolution/",
        "https://www.thoughtco.com/history-of-the-motorcycle-1992151",
        "http://www.bicyclehistory.net/motorcycle-history/first-motorcycle/"
    ],
    "What are some cloven hooved animals": [
        "https://faunafacts.com/animals/animals-with-cloven-hooves/",
        "https://a-z-animals.com/reference/cloven-hoofed/",
        "https://animalofthings.com/animals-with-cloven-hooves/",
        "https://en.wikipedia.org/wiki/Hoof",
        "https://animalsresearch.com/cloven-hoofed-animals/",
        "https://faunafacts.com/animals/animals-with-hooves/",
        "https://wildexplained.com/blog/animals-with-hooves/",
        "https://wildlifeboss.com/animals-with-cloven-hooves/",
        "https://www.thoughtco.com/even-toed-hoofed-mammals-130019",
        "https://wildlifeinformer.com/animals-with-hooves/"
    ],
    "1963 five dollar bill with red serial numbers": [
        "https://oldcurrencyvalues.com/1963_five_dollar_bills/",
        "https://www.coinvaluelookup.com/how-much-is-a-1963-5-bill-worth/",
        "https://www.coinvaluechecker.com/how-much-is-1963-5-dollar-bill-worth/",
        "https://www.valuableuscoins.com/1963-5-dollar-bill-value/",
        "https://parrisislandmuseum.com/1963-5-dollar-bill-value-a-mint-mark/",
        "https://www.apmex.com/product/17311/1963-5-00-u-s-note-red-seal-vg-vf-fr1536",
        "https://en.numista.com/catalogue/note201830.html",
        "https://www.coinvaluefinder.com/rare-1963-5-dollar-bill-value/",
        "https://oldcurrencyvalues.com/red_seal_five_dollar_bills/",
        "https://www.papermoneywanted.com/1963-five-dollar-legal-tender-or-united-states-notes"
    ],
    "How do you get rid of acene fast": [
        "https://www.healthline.com/nutrition/get-rid-of-pimples-fast",
        "https://health.clevelandclinic.org/a-dermatologists-advice-on-how-to-get-rid-of-a-pimple",
        "https://www.aad.org/public/diseases/acne/skin-care/tips",
        "https://www.wikihow.com/Get-Rid-of-Acne-Fast",
        "https://www.glamour.com/story/how-to-get-rid-of-a-pimple",
        "https://www.healthline.com/nutrition/13-acne-remedies",
        "https://www.mayoclinic.org/diseases-conditions/acne/diagnosis-treatment/drc-20368048",
        "https://www.verywellhealth.com/how-to-get-rid-of-pimples-7853364",
        "https://www.wikihow.com/Get-Rid-of-Acne",
        "https://www.aad.org/public/diseases/acne/DIY/wont-clear"
    ],
    "What is a moderately slow oven": [
        "https://en.wikipedia.org/wiki/Oven_temperatures",
        "https://www.thecalculatorsite.com/cooking/oven-temperatures.php",
        "https://recipes.net/articles/oven-temperature-conversion/",
        "https://www.bakinglikeachef.com/oven-temperature-conversion-chart/",
        "https://www.womensweeklyfood.com.au/foodie-facts/oven-temperature-conversions-1314/",
        "https://www.homemade-dessert-recipes.com/oven-temperature-guide.html",
        "https://www.inspiredtaste.net/23326/oven-temperature-conversion/",
        "https://www.livestrong.com/article/438575-how-to-slow-cook-in-the-oven/",
        "https://www.newidea.com.au/oven-temperature",
        "https://www.apronfreecooking.com/hints-and-tips/oven-temperature-chart/"
    ],
    "Are Lea and cory dating": [
        "https://www.thelist.com/stories/the-truth-about-cory-monteiths-relationship-with-lea-michele/",
        "https://news.amomama.com/292564-timeline-lea-michele-cory-monteiths-pass.html",
        "https://www.lifeandstylemag.com/posts/lea-michele-and-cory-monteiths-relationship-timeline-started-on-glee/",
        "https://www.buzzfeed.com/ashleyperez/a-timeline-of-cory-monteith-and-lea-micheles-relationship",
        "https://www.eonline.com/news/1391868/glees-kevin-mchale-reveals-surprising-way-he-learned-lea-michele-cory-monteith-were-dating-irl",
        "https://people.com/celebrity/cory-monteith-and-lea-michele-were-they-engaged/",
        "https://www.nickiswift.com/672718/the-truth-about-lea-michele-and-cory-monteiths-relationship/",
        "https://www.eonline.com/news/1361520/cory-monteiths-friend-reflects-on-glee-stars-relationship-with-lea-michele",
        "https://www.elle.com/culture/celebrities/a12628/lea-michele-profile/",
        "https://www.thelist.com/952614/the-truth-about-cory-monteiths-relationship-with-lea-michele/"
    ],
    "What are some commensasm relationships": [
        "https://wildlifeinformer.com/examples-of-commensalism-relationships/",
        "https://blog.prepscholar.com/commensalism-examples-defintion",
        "https://www.britannica.com/science/commensalism",
        "https://en.wikipedia.org/wiki/Commensalism",
        "https://www.thoughtco.com/commensalism-definition-and-examples-4114713",
        "https://sciencenotes.org/commensalism-definition-and-examples/",
        "https://www.biologyonline.com/dictionary/commensalism",
        "https://www.worldatlas.com/animals/10-examples-of-commensalism-in-nature.html",
        "https://bio.libretexts.org/Courses/Evergreen_Valley_College/Introduction_to_Ecology_(Kappus)/08%3A_Species_Interactions_in_Communities/8.04%3A_Commensalism_and_Mutualism",
        "https://biologydictionary.net/commensalism/"
    ],
    "Where are the Black Hills located": [
        "https://en.wikipedia.org/wiki/Black_Hills",
        "https://www.blackhillsbadlands.com/",
        "https://morethanjustparks.com/black-hills-national-forest/",
        "https://www.moon.com/travel/trip-ideas/geography-geology-black-hills/",
        "https://www.blackhillsvacations.com/plan-your-visit/black-hills-maps/",
        "https://www.britannica.com/place/Black-Hills",
        "https://www.fs.usda.gov/blackhills",
        "https://www.the-black-hills.com/the-black-hills/where-are-the-black-hills-located/",
        "https://www.blackhillsbadlands.com/maps",
        "https://www.the-black-hills.com/the-black-hills/the-black-hills-on-a-map/"
    ],
    "What caused worldwide economic crisis": [
        "https://news.un.org/en/story/2022/07/1123342",
        "https://www.britannica.com/money/topic/great-recession",
        "https://www.britannica.com/money/topic/financial-crisis-of-2007-2008",
        "https://www.history.com/topics/21st-century/recession",
        "https://www.investopedia.com/articles/economics/09/financial-crisis-review.asp",
        "https://en.wikipedia.org/wiki/2007%E2%80%932008_financial_crisis",
        "https://news.un.org/en/story/2021/06/1093182",
        "https://www.worldbank.org/en/publication/wdr2022/brief/chapter-1-introduction-the-economic-impacts-of-the-covid-19-crisis",
        "https://unctad.org/news/multiple-crises-unleash-one-lowest-global-economic-outputs-recent-decades-says-un-report",
        "https://www.investopedia.com/terms/g/great-recession.asp"
    ],
    "Where does a snowstorm less likely happen": [
        "https://www.cnn.com/2023/11/25/weather/snowfall-temperatures-climate-change-water/index.html",
        "https://en.wikipedia.org/wiki/Winter_storm",
        "https://www.nytimes.com/interactive/2024/upshot/snow-forecast-totals-lookup.html",
        "https://nsidc.org/learn/parts-cryosphere/snow/science-snow",
        "https://scied.ucar.edu/learning-zone/storms/winter-storms",
        "https://www.cnn.com/2023/11/03/weather/us-snowfall-maps-el-nino-winter-climate/index.html",
        "https://www.nssl.noaa.gov/education/svrwx101/winter/",
        "https://www.cnn.com/2022/01/13/weather/winter-storm-snow-ice-for-south-and-east/index.html",
        "https://scied.ucar.edu/learning-zone/storms/blizzards",
        "https://www.jacksonville.com/story/news/2023/12/20/snow-florida-record-snowfall-lowest-temperature-christmas-snowstorm-great-arctic-outbreak-record/71983060007/"
    ],
    "Class action lawsuit": [
        "https://www.classaction.com/",
        "https://www.classaction.org/learn/what-is-a-class-action",
        "https://www.natlawreview.com/article/class-actions-101",
        "https://topclassactions.com/category/lawsuit-settlements/open-lawsuit-settlements/",
        "https://www.consumer-action.org/lawsuits/by-status/open",
        "https://www.forbes.com/advisor/legal/personal-injury/how-start-class-action-lawsuit/",
        "https://www.classaction.org/",
        "https://www.classaction.org/list-of-lawsuits",
        "https://en.wikipedia.org/wiki/Class_action",
        "https://www.investopedia.com/terms/c/classaction.asp"
    ],
    "Stratified random sampling": [
        "https://www.scribbr.co.uk/research-methods/stratified-sampling-method/",
        "https://www.investopedia.com/terms/stratified_random_sampling.asp",
        "https://www.scribbr.com/methodology/stratified-sampling/",
        "https://statisticsbyjim.com/basics/stratified-sampling/",
        "https://en.wikipedia.org/wiki/Stratified_sampling",
        "https://www.simplypsychology.org/stratified-random-sampling.html",
        "https://researchmethod.net/stratified-sampling/",
        "https://www.statisticshowto.com/probability-and-statistics/sampling-in-statistics/stratified-random-sample/",
        "https://dovetail.com/research/stratified-sampling/",
        "https://corporatefinanceinstitute.com/resources/data-science/stratified-random-sampling/"
    ],
    "Number of quarters in a roll": [
        "https://www.uscoinsvalue.com/how-many-quarters-in-a-roll/",
        "https://coins.thefuntimesguide.com/coin-rolls/",
        "https://atticcapital.com/how-many-quarters-in-a-roll/",
        "https://michaelryanmoney.com/how-many-quarters-in-a-roll/",
        "https://www.thesprucecrafts.com/number-of-coins-in-roll-768862",
        "https://www.valuableuscoins.com/how-many-quarters-in-a-roll/",
        "https://www.gainesvillecoins.com/blog/how-many-coins-are-in-a-coin-roll",
        "https://sdbullion.com/blog/how-many-quarters-in-a-roll",
        "https://learn.apmex.com/answers/how-many-coins-are-in-a-standard-u-s-roll/",
        "https://moneywise.com/banking/banking-basics/how-to-roll-coins"
    ],
    "Who was in spains first government": [],
    "What si social darwinism": [
        "https://www.merriam-webster.com/dictionary/social%20Darwinism",
        "https://en.wikipedia.org/wiki/Social_Darwinism",
        "https://www.history.com/topics/early-20th-century-us/social-darwinism",
        "https://www.simplypsychology.org/social-darwinism.html",
        "https://www.encyclopedia.com/history/united-states-and-canada/us-history/social-darwinism",
        "https://www.oxfordbibliographies.com/abstract/document/obo-9780199756384/obo-9780199756384-0166.xml",
        "https://www.cambridge.org/core/books/cambridge-encyclopedia-of-darwin-and-evolutionary-thought/social-darwinism/7BC77FE554764FE89290EE0697BAA6D0",
        "https://www.britannica.com/topic/social-Darwinism",
        "https://link.springer.com/referenceworkentry/10.1007/978-3-319-47829-6_137-1",
        "https://www.khanacademy.org/humanities/us-history/the-gilded-age/gilded-age/a/social-darwinism-in-the-gilded-age"
    ],
    "Persecution of the christian church": [
        "https://www.persecution.org/2023/11/02/icc-releases-2023-persecutors-of-the-year-report/",
        "https://www.vaticannews.va/en/church/news/2022-01/persecution-against-christians-on-the-rise-worldwide.html",
        "https://www.christianitytoday.com/history/issues/issue-27/persecution-in-early-church-christian-history-timeline.html",
        "https://www.vaticannews.va/en/church/news/2024-01/anti-christian-persecution-on-the-rise-according-to-open-doors.html",
        "https://en.wikipedia.org/wiki/Persecution_of_Christians_in_the_New_Testament",
        "https://www.americamagazine.org/faith/2023/08/23/christian-persecution-martyrs-nigeria-pakistan-india-245782",
        "https://www.christianitytoday.com/history/issues/issue-27/persecution-in-early-church-did-you-know.html",
        "https://en.wikipedia.org/wiki/Persecution_of_Christians",
        "https://www.historytoday.com/archive/causes-early-persecutions",
        "https://www.christianitytoday.com/news/2023/january/christian-persecution-2023-countries-open-doors-watch-list.html"
    ],
    "Where does saltwater sponges live": [
        "https://www.thoughtco.com/sponges-profile-2291833",
        "https://manoa.hawaii.edu/exploringourfluidearth/biological/invertebrates/phylum-porifera",
        "https://animals.net/sea-sponge/",
        "https://oceanservice.noaa.gov/facts/sponge.html",
        "https://oceaninfo.com/animals/sea-sponge/",
        "https://en.wikipedia.org/wiki/Sponge",
        "https://u.osu.edu/eeob3320/category/sponges/",
        "https://a-z-animals.com/animals/sponge/",
        "https://myreef.aquariumdepot.com/how-to-look-after-sea-sponges/",
        "https://www.algaebarn.com/blog/saltwater-aquariums/sponges/sponges-in-the-marine-aquarium/"
    ],
    "The photic zone has an maximum depth of": [
        "https://en.wikipedia.org/wiki/Photic_zone",
        "https://www.britannica.com/science/photic-zone",
        "https://www.euston96.com/en/photic-zone/",
        "https://www.sciencedirect.com/topics/earth-and-planetary-sciences/photic-zone",
        "https://www.encyclopedia.com/science/encyclopedias-almanacs-transcripts-and-maps/photic-zone-0",
        "https://sciencequery.com/what-is-photic-zone/",
        "https://sciencestruck.com/helpful-guide-to-understand-photic-zone",
        "https://bio.libretexts.org/Bookshelves/Introductory_and_General_Biology/Book%3A_Introductory_Biology_(CK-12)/06%3A_Ecology/6.11%3A_Aquatic_Biomes",
        "https://k12.libretexts.org/Bookshelves/Science_and_Technology/Earth_Science/09%3A_Earth's_Oceans/9.03%3A_Ocean_Zones",
        "https://oceanservice.noaa.gov/facts/light_travel.html"
    ],
    "Blue and pink make what": [
        "https://artincontext.org/what-color-does-blue-and-pink-make/",
        "https://www.color-meanings.com/what-color-blue-pink-make-mixed/",
        "https://colorscombo.com/what-color-does-blue-and-pink-make/",
        "https://iheartcraftythings.com/what-color-does-pink-blue-make.html",
        "https://thecolorsmeaning.com/what-color-blue-pink-make-mixed/",
        "https://www.colorpsychology.org/what-color-do-blue-and-pink-make-when-mixed/",
        "https://www.canva.com/colors/color-wheel/",
        "https://www.enchantedlearning.com/art/Colormixing.shtml",
        "https://www.drawingwars.com/what-does-blue-and-pink-make",
        "https://www.color-meanings.com/color-mixing-guide/"
    ],
    "What are the various irrigation practices in the villages": [
        "https://www.researchgate.net/publication/355194184_Indigenous_Irrigation_Practices",
        "https://www.usgs.gov/special-topics/water-science-school/science/irrigation-methods-a-quick-look",
        "https://www.talkofthevillages.com/forums/villages-florida-general-discussion-73/lawn-irrigation-questions-317456/",
        "https://www.sciencedirect.com/science/article/pii/S0378377423005127",
        "https://www.yelp.com/search?cflt=irrigation&find_loc=The+Villages%2C+FL+32162",
        "https://www.sciencedirect.com/science/article/pii/S2211464523000805",
        "https://www.villagescommunity.com/news/-what-are-the-current-watering-guidelines",
        "https://www.districtgov.org/departments/utilities/irrigation.aspx",
        "https://www.yelp.com/search?cflt=irrigation&find_loc=The+Villages%2C+FL",
        "https://www.answers.com/Q/Types_of_irrigation_practices"
    ],
    "How do you care for newborn pitbull pups": [
        "https://pitbulls.org/article/guide-stages-pit-bull-puppy-development",
        "https://petventuresbook.com/blogs/dog-breeds/owners-guide-to-pitbull-puppies",
        "https://thepitbullcenter.com/pit-bull-care/",
        "https://petsleeks.com/pitbull-baby/",
        "https://www.wikihow.com/Take-Care-of-a-Pitbull-Puppy",
        "https://www.pawtracks.com/dogs/care-for-pitbull-puppy/",
        "https://www.akc.org/expert-advice/dog-breeding/raising-newborn-puppies/",
        "https://www.petmd.com/general-health/dog/caring-newborn-puppies",
        "https://pethelpful.com/dogs/pit-bull-puppies-from-birth-to-six-weeks",
        "https://zimpitbulls.com/how-to-care-for-newborn-pitbull-puppies/"
    ],
    "10 common defects characteristics in timber": [
        "https://www.woodworkingnetwork.com/best-practices-guide/solid-wood-machining/understanding-working-wood-defects",
        "https://civiltoday.com/civil-engineering-materials/timber/85-defects-in-timber-types-and-reasons",
        "https://civilseek.com/defects-in-timber/",
        "https://www.decks.com/how-to/articles/common-wood-defects-types-causes-of-lumber-issues",
        "https://treetotimber.com/defects-in-timbers-types-and-prevention/",
        "https://www.davidstimber.com.au/resource-centre/wood-defects/",
        "https://www.thelumbershack.com/pages/wood-characteristics-and-common-defects",
        "https://markslumber.us/blog/common-defects-to-consider-in-timber-grading",
        "https://theconstructor.org/building/types-of-defects-in-timber/21521/",
        "https://www.thelumbershack.com/blogs/news/a-guide-to-the-common-wood-defects-lumber-shack"
    ],
    "What are chinas important landmarks": [
        "https://www.planetware.com/tourist-attractions/china-chn.htm",
        "https://www.wendywutours.co.uk/blog/china/visiting-chinas-most-famous-landmarks/",
        "https://tourismteacher.com/landmarks-in-china/",
        "https://thetravelscribes.com/landmarks-in-china/",
        "https://thetripgoeson.com/china-landmarks/",
        "https://www.destguides.com/china/china-landmarks-famous-landmarks-in-china",
        "https://www.travelchinaguide.com/cityguides/famous-landmarks.htm",
        "https://travel2next.com/china-landmarks/",
        "https://www.chinahighlights.com/travelguide/article-china-landmarks.htm",
        "https://www.chinahighlights.com/travelguide/article/historical-sites.htm"
    ],
    "What are utahs four largest cities": [
        "https://www.lavidanomad.com/biggest-cities-in-utah/",
        "https://www.biggestuscities.com/ut",
        "https://www.homesnacks.com/cities/cities-in-utah/",
        "https://en.wikipedia.org/wiki/List_of_municipalities_in_Utah",
        "https://a-z-animals.com/blog/discover-the-largest-cities-in-utah-by-population-total-area-and-economic-impact/",
        "https://wasatchmovingco.com/blog/largest-cities-in-utah/",
        "https://www.worldatlas.com/cities/10-largest-cities-in-utah.html",
        "https://www.utah-demographics.com/cities_by_population",
        "https://worldpopulationreview.com/states/cities/utah",
        "https://www.ksl.com/article/50223253/census-data-utahs-new-top-10-most-populated-cities--and-other-emerging-places"
    ],
    "What are two powers that the legislative branch has": [
        "https://constitution.congress.gov/browse/essay/artI-1/ALDE_00000242/",
        "https://www.house.gov/the-house-explained/branches-of-government",
        "https://constitutioncenter.org/education/constitution-101-curriculum/7-the-legislative-branch-how-congress-works",
        "https://www.britannica.com/study/legislative-branch",
        "https://www.usa.gov/branches-of-government",
        "https://constitutioncenter.org/the-constitution/articles/article-i",
        "https://www.whitehouse.gov/about-the-white-house/our-government/the-legislative-branch/",
        "https://www.thoughtco.com/the-legislative-branch-of-us-government-3322299",
        "https://www.law.cornell.edu/constitution/articlei",
        "https://www.history.com/topics/us-government-and-politics/legislative-branch"
    ],
    "Branches on every division of philosophy": [
        "https://leverageedu.com/blog/branches-of-philosophy/",
        "https://www.worldatlas.com/philosophy/what-are-the-major-branches-of-philosophy.html",
        "https://philosophy.lander.edu/intro/what.shtml",
        "https://www.philosophybasics.com/branch.html",
        "https://philosophybreak.com/what-is-philosophy-definition-4-core-branches/",
        "https://philosophy.lander.edu/intro/what.html",
        "https://libguides.francis.edu/c.php?g=182116&p=1199480",
        "https://www.thecollector.com/what-are-the-branches-of-philosophy/",
        "https://en.wikipedia.org/wiki/Outline_of_philosophy",
        "https://en.wikibooks.org/wiki/Introduction_to_Philosophy/The_Branches_of_Philosophy"
    ],
    "What do the people in lebanon speak": [
        "https://www.studycountry.com/guide/LB-language.htm",
        "https://www.worldatlas.com/articles/the-culture-of-lebanon.html",
        "https://www.commisceo-global.com/resources/country-guides/lebanon-guide",
        "https://en.wikipedia.org/wiki/Lebanese_Arabic",
        "https://en.wikipedia.org/wiki/Languages_of_Lebanon",
        "https://www.everyculture.com/Ja-Ma/Lebanon.html",
        "https://www.worldatlas.com/articles/what-languages-are-spoken-in-lebanon.html",
        "https://en.wikipedia.org/wiki/Lebanese_people",
        "https://howwidelyspoken.com/what-language-do-they-speak-in-lebanon/",
        "https://talkinarabic.com/levantine/what-language-is-spoken-in-lebanon/"
    ],
    "What is the reason for the novel The Da Vinci Code": [
        "https://www.sparknotes.com/lit/davincicode/summary/",
        "https://biblearchaeology.org/research/contemporary-issues/3997-the-historical-basis-of-dan-browns-the-da-vinci-code",
        "https://www.sparknotes.com/lit/davincicode/facts/",
        "https://www.sparknotes.com/lit/davincicode/",
        "https://en.wikipedia.org/wiki/The_Da_Vinci_Code",
        "https://www.nbcnews.com/id/wbna7491383",
        "https://bookanalysis.com/dan-brown/the-da-vinci-code/summary/",
        "https://bookanalysis.com/dan-brown/the-da-vinci-code/",
        "https://www.thoughtco.com/da-vinci-code-by-dan-brown-book-review-362255",
        "https://bookanalysis.com/dan-brown/the-da-vinci-code/historical-context/"
    ],
    "How many millimeter in one liter": [
        "https://www.unitconverters.net/volume/l-to-ml.htm",
        "https://www.calculatorology.com/how-many-ml-in-a-liter/",
        "https://www.inchcalculator.com/convert/milliliter-to-liter/",
        "https://www.asknumbers.com/liter-to-milliliter.aspx",
        "http://convertwizard.com/convert-liters-to-millimeters",
        "https://www.thecalculatorsite.com/conversions/liquidvolume/milliliters-to-liters.php",
        "https://www.calculateme.com/volume/liters/to-milliliters/1",
        "https://www.convertworld.com/en/volume/litre/l-to-ml.html",
        "https://www.metric-conversions.org/volume/liters-to-milliliters.htm",
        "https://unitconverters.org/1-liters-to-milliliters"
    ],
    "What language do people speak in Angola": [
        "https://www.wikiwand.com/en/Languages_of_Angola",
        "https://www.getblend.com/blog/languages-of-angola/",
        "https://en.wikipedia.org/wiki/Angola",
        "https://www.commisceo-global.com/resources/country-guides/angola-guide",
        "https://en.wikipedia.org/wiki/Languages_of_Angola",
        "https://www.justlanded.com/english/Angola/Angola-Guide/Language/Languages-in-Angola",
        "https://carmentablog.com/the-languages-of-angola-a-journey-through-the-countrys-multilingual-society/",
        "https://www.britannica.com/place/Angola/People",
        "https://en.wikipedia.org/wiki/Angolan_Portuguese",
        "https://www.worldatlas.com/articles/what-languages-are-spoken-in-angola.html"
    ],
    "How can you delete your millsberry": [
        "https://www.youtube.com/watch?v=YsrgCdEATTc",
        "https://www.change.org/p/general-mills-bring-back-millsberry-2020",
        "https://gameslikefinder.com/article/gaming-archive-millsberry/",
        "https://millsberry.fandom.com/wiki/Hop-N-Drop",
        "https://millsberry.fandom.com/wiki/Millsberry",
        "https://www.businessinsider.com/guides/streaming/how-to-delete-youtube-channel",
        "https://www.salon.com/2022/11/07/revisiting-millsberry-the-wild-rise-and-fall-of-general-mills-virtual-cereal-themed-town/",
        "https://www.answers.com/computer-science/How_do_you_delete_a_millsberry_account",
        "https://clean.email/have-you-been-pwned/how-to-delete-digital-footprint",
        "https://www.businessinsider.in/tech/how-to/how-to-delete-your-youtube-channel-and-permanently-erase-its-content-or-temporarily-hide-it/articleshow/80471367.cms"
    ],
    "Would be a key to preventing future genocide": [
        "https://www.un.org/en/genocideprevention/15th-anniversary.shtml",
        "https://www.usnews.com/news/world/articles/2024-01-26/the-top-un-court-is-set-to-issue-a-preliminary-ruling-in-south-africas-genocide-case-against-israel",
        "https://www.theguardian.com/world/2024/jan/26/world-courts-interim-ruling-on-genocide-in-gaza-key-takeaways-icj-israel",
        "https://www.aljazeera.com/news/2024/1/26/icj-rules-israel-must-prevent-acts-of-genocide-in-gaza-key-takeaways",
        "https://www.ids.ac.uk/news/what-can-be-done-to-prevent-genocide/",
        "https://www.cnn.com/videos/world/2024/01/27/exp-icj-israel-prevent-genocide-michael-becker-intv-012703aseg1-cnni-world.cnn",
        "https://www.un.org/en/genocideprevention/prevention.shtml",
        "https://news.un.org/en/story/2023/01/1132792",
        "https://www.amnesty.org/en/latest/news/2024/01/israel-must-comply-with-key-icj-ruling-ordering-it-do-all-in-its-power-to-prevent-genocide-against-palestinians-in-gaza/",
        "https://www.reuters.com/world/middle-east/key-takeaways-world-court-decision-israei-genocide-case-2024-01-26/"
    ],
    "How many teaspoons in one half ounce liquid": [
        "https://www.unitconverters.net/volume/fluid-ounce-us-to-teaspoon-us.htm",
        "https://ezunitconverter.com/volume/ounce/teaspoon/1%7C2",
        "https://www.calculateme.com/volume/fluid-ounces/to-teaspoons/",
        "https://www.asknumbers.com/ounces-to-teaspoon.aspx",
        "https://calculator-converter.com/teaspoons-to-ounces.htm",
        "https://www.inchcalculator.com/convert/teaspoon-to-fluid-ounce/",
        "https://www.unitconverters.net/volume/teaspoon-us-to-fluid-ounce-us.htm",
        "https://www.calculateme.com/volume/fluid-ounces/to-teaspoons/1",
        "https://www.inchcalculator.com/convert/fluid-ounce-to-teaspoon/",
        "https://www.inchcalculator.com/convert/ounce-to-teaspoon/"
    ],
    "What are some cheerleading facts": [
        "https://www.liveabout.com/cheerleading-history-4080643",
        "https://www.britannica.com/sports/cheerleading",
        "https://www.factretriever.com/cheerleading-facts",
        "https://about.proquest.com/en/blog/2019/10-facts-about-cheerleading/",
        "https://facts.net/lifestyle/sports/13-facts-about-cheerleading/",
        "https://blog-staging.omnicheer.com/post/did-you-know-10-facts-about-cheerleading/",
        "https://facts.net/general/19-fun-facts-about-cheerleading/",
        "https://www.lovetoknow.com/life/lifestyle/cheerleading-facts",
        "https://kidadl.com/facts/interesting-cheerleading-facts-you-didn-t-know-about-this-sport",
        "https://www.rookieroad.com/cheerleading/list-cheerleading-facts-2135996/"
    ],
    "When is the coast guard day celebrated": [
        "https://afd.defense.gov/History/Coast-Guard-Day/",
        "https://nationaltoday.com/u-s-coast-guard-birthday/",
        "https://www.mycg.uscg.mil/News/Article/3116155/the-coast-guard-celebrates-232-years-of-service/",
        "https://www.military.com/coast-guard-birthday",
        "https://en.wikipedia.org/wiki/Coast_Guard_Day",
        "https://www.nationaldaycalendar.com/national-day/national-coast-guard-day-august-4",
        "https://www.militaryspot.com/news/celebrating-national-coast-guard-day",
        "https://www.military.com/military-appreciation-month/origins-of-coast-guard-day.html",
        "https://www.cnn.com/2019/08/04/us/coast-guard-day-trnd/index.html",
        "https://www.uso.org/stories/1708-26-things-you-should-know-about-the-coast-guard-for-its-226th-birthday"
    ],
    "How far away it is from mercury": [
        "https://www.space.com/18646-mercury-distance.html",
        "https://science.nasa.gov/mercury/facts/",
        "https://www.space.com/36-mercury-the-suns-closest-planetary-neighbor.html",
        "https://en.wikipedia.org/wiki/Mercury_(planet)",
        "https://lovethenightsky.com/how-far-away-is-mercury/",
        "https://www.timeanddate.com/astronomy/planets/mercury/",
        "https://www.nationalgeographic.com/science/article/mercury",
        "https://coolcosmos.ipac.caltech.edu/ask/25-How-far-is-Mercury-from-Earth-",
        "https://nineplanets.org/distance-between-planets/",
        "https://www.universetoday.com/14165/distance-from-earth-to-mercury/"
    ],
    "Code for rip jaws in dna": [
        "https://bio.libretexts.org/Bookshelves/Introductory_and_General_Biology/Biology_(Kimball)/06%3A_Gene_Expression/6.03%3A_Genetic_Code",
        "https://www.ncbi.nlm.nih.gov/pmc/articles/PMC6620406/",
        "https://www.britannica.com/science/heredity-genetics/Expression-of-the-genetic-code-transcription-and-translation",
        "https://bio.libretexts.org/Bookshelves/Genetics/Working_with_Molecular_Genetics_(Hardison)/Unit_III%3A_The_Pathway_of_Gene_Expression/13%3A_Genetic_code",
        "https://www.thoughtco.com/genetic-code-373449",
        "https://www.acs.org/education/whatischemistry/landmarks/geneticcode.html",
        "https://www.khanacademy.org/science/ap-biology/gene-expression-and-regulation/translation/a/the-genetic-code-discovery-and-properties",
        "https://bio.libretexts.org/Courses/Clinton_College/BIO_300%3A_Introduction_to_Genetics_(Neely)/02%3A_Central_Dogma/2.03%3A_Genetic_Code_and_Translation",
        "https://openstax.org/books/biology/pages/15-1-the-genetic-code",
        "https://www.britannica.com/science/genetic-code"
    ],
    "Worlds largest chicken": [
        "https://www.knowyourchickens.com/largest-chicken-breed/",
        "https://animallord.com/largest-chicken-breed/",
        "https://a-z-animals.com/blog/the-10-largest-chickens-in-the-world/",
        "https://largest.org/animals/chicken-breeds/",
        "https://www.thehappychickencoop.com/largest-chicken-breed/",
        "https://www.h2ouse.org/largest-chicken-breed/",
        "https://www.guinnessworldrecords.com/world-records/70789-heaviest-breed-of-chicken",
        "https://www.chickenidentifier.com/biggest-chicken-in-the-world/",
        "https://chickenmag.com/largest-chicken-breeds/",
        "https://dailychickens.com/largest-chicken-breeds/"
    ],
    "What is the postal code of kentucky": [
        "https://www.zip-codes.com/state/ky.asp",
        "https://worldpostalcode.com/united-states/kentucky/",
        "https://zipcodes-us.com/zip/ky",
        "https://tools.usps.com/go/ZipLookupAction%21input.action?mode=1&refresh=true",
        "https://www.randymajors.org/zipcodegmap?state=KY&onestate=show&labels=show",
        "https://www.unitedstateszipcodes.org/ky/",
        "https://usazipcodes.net/kentucky-zip-codes/",
        "https://zipcodes.org/kentucky-zip-codes",
        "https://us-postoffice.com/zip-codes/kentucky",
        "https://www.geonames.org/postal-codes/US/KY/kentucky.html"
    ],
    "What creates a sandstorm": [
        "https://weather.thefuntimesguide.com/sandstorm/",
        "https://www.wonderopolis.org/wonder/what-causes-sandstorms",
        "https://ownyourweather.com/what-is-a-dust-storm/",
        "https://eartheclipse.com/environment/sandstorms-causes-effects-facts.html",
        "https://www.science.org/content/article/physics-sandstorms",
        "https://en.wikipedia.org/wiki/Dust_storm",
        "https://www.nationalgeographic.com/environment/article/are-dust-storms-getting-worse-heres-why-theyre-so-destructive",
        "https://www.weatherwizkids.com/?page_id=1333",
        "https://weatherstreet.com/weatherquestions/What_causes_sandstorms.htm",
        "https://www.youtube.com/watch?v=FqqhlrB2ClA"
    ],
    "How much does a pound of marijuana cost in the us": [
        "https://flavorfix.com/guides/how-much-does-weed-cost/",
        "https://homegrowncannabisco.com/grow-your-own-with-kyle-kushman/cannabis-culture/how-much-is-a-pound-of-weed/",
        "https://potguide.com/blog/article/pound-of-weed-worth/",
        "https://honestmarijuana.com/what-does-weed-cost/",
        "https://oxfordtreatment.com/substance-abuse/marijuana/average-cost-of-marijuana/",
        "https://cannabissensei.com/how-much-is-a-pound-of-weed/",
        "https://www.leafly.com/news/industry/us-marijuana-harvest-price-report-2020",
        "https://www.leafly.com/learn/cannabis-glossary/pound",
        "https://ogseeds.com/guides/how-much-is-a-pound-of-cannabis/",
        "https://loudcloudhealth.com/resources/how-much-is-a-pound-of-weed/"
    ],
    "How do you get the keys in sleuthhound": [
        "https://www.answers.com/Q/Where_is_the_skull_key_at_sleuthhound_inn_on_aqw",
        "https://www.youtube.com/watch?v=FL6ds5KrVtU",
        "https://aqworldswiki.com/w/SleuthHound_Mystery_Inn",
        "https://www.youtube.com/watch?v=ZHIwK_CaFZM",
        "https://dotesports.com/like-a-dragon/news/how-to-get-safe-keys-in-like-a-dragon-infinite-wealth",
        "https://www.youtube.com/watch?v=nefkbU1pOWs",
        "http://aqwwiki.wikidot.com/sleuthhound-inn",
        "https://www.reddit.com/r/stormshot/comments/14li4w5/where_do_we_get_the_keys_to_open_munitions_chests/",
        "https://apnews.com/article/red-sea-houthi-attacks-shipping-inflation-124d5445bec8ce6864112e3095646308",
        "https://forums2.battleon.com/f/tm.asp?m=17362925"
    ],
    "Where is the largest bridgewho built itwhat kind of bridge is it": [
        "https://en.wikipedia.org/wiki/Vasco_da_Gama_Bridge",
        "https://www.livescience.com/34448-worlds-longest-bridge.html",
        "https://www.worldatlas.com/articles/20-longest-bridges-in-the-world.html",
        "https://www.digitaltrends.com/cool-tech/biggest-bridges-in-the-world/",
        "https://www.britannica.com/topic/Verrazano-Narrows-Bridge",
        "https://en.wikipedia.org/wiki/List_of_longest_suspension_bridge_spans",
        "https://www.cnn.com/travel/article/worlds-longest-bridges/index.html",
        "https://www.thomasnet.com/insights/where-is-the-longest-bridge-in-the-world/",
        "https://www.treehugger.com/worlds-longest-bridges-4869197",
        "https://largest.org/structures/bridges/"
    ],
    "Apakah kraf tangan yang dibuat pada kain songket": [
        "https://www.liputan6.com/regional/read/5359814/mengenal-kain-songket-sejarah-makna-hingga-penggunaannya",
        "https://ms.wikipedia.org/wiki/Songket",
        "https://perpusteknik.com/kain-songket-merupakan-hasil-kerajinan-tangan-yang-banyak-dijumpai-di-daerah/",
        "https://www.researchgate.net/publication/355833853_Pembentukan_Usahawan_Kraf_Tangan_Wanita_di_Malaysia_Peranan_Sikap_Warisan_Keluarga_dan_Pembudayaan_Nilai_Agama",
        "https://songketdunia.my/blogs/news/songket-panduan-lengkap",
        "https://id.wikipedia.org/wiki/Songket",
        "https://travel.detik.com/travel-news/d-5214655/5-fakta-soal-songket-yang-bikin-kain-ini-semakin-dicintai",
        "https://www.detik.com/edu/detikpedia/d-5717106/mengenal-kain-songket-khas-melayu-dan-jenis-jenisnya",
        "https://italianfashionschool.id/teknik-pembuatan-songket/",
        "https://www.gramedia.com/literasi/kain-songket/"
    ],
    "Why does a carbonated drink become flat when left open": [
        "http://beer-info.com/why-do-carbonated-drinks-go-flat-when-left-open",
        "https://lifehacker.com/science-explains-how-carbonation-works-and-why-your-gl-1481962717",
        "https://www.livescience.com/32461-why-do-soft-drinks-go-flat.html",
        "https://bottlefirst.com/what-happens-when-a-soda-water-bottle-is-opened/",
        "https://www.livescience.com/32492-why-does-soda-fizz.html",
        "http://scienceline.ucsb.edu/getkey.php?key=2210",
        "https://chefradar.com/what-causes-a-carbonated-beverage-to-become-flat/",
        "https://www.instructables.com/Keep-open-carbonated-beverages-from-going-flat/",
        "https://www.upthirst.com/what-causes-soda-to-go-flat-expert-review/",
        "https://sodapopcraft.com/can-soda-go-flat-if-unopened/"
    ],
    "Why sacrifice must environment to achieve development": [
        "https://newrepublic.com/article/154036/will-make-sacrifices-save-planet",
        "https://www.theglobeandmail.com/opinion/should-we-sacrifice-the-environment-or-the-economy-neither/article12135766/",
        "https://blogs.worldbank.org/climatechange/climate-action-does-not-require-economic-sacrifice",
        "https://news.climate.columbia.edu/2020/01/27/economic-growth-environmental-sustainability/",
        "https://www.ecnmy.org/engage/how-much-should-we-sacrifice-to-help-the-environment/",
        "https://www.unep.org/explore-topics/sustainable-development-goals/why-do-sustainable-development-goals-matter",
        "https://academic.oup.com/mit-press-scholarship-online/book/14314/chapter/168227651",
        "https://www.weforum.org/agenda/2022/04/environmental-protection-vs-economic-growth/",
        "https://utopia.org/guide/what-is-sustainable-development-and-why-is-it-necessary/",
        "https://odi.org/en/insights/must-developing-countries-sacrifice-growth-to-save-the-planet/"
    ],
    "How many atoms are contained in eachmolecule of sulfuric acid": [],
    "Who is the most famous african american mathmatician": [
        "https://www.bytelearn.com/articles/5-black-mathematicians-who-made-history-a-look-at-the-contributions-of-black-innovators-in-math/",
        "https://www.ams.org/journals/notices/201802/rnoti-p139.pdf",
        "http://math.buffalo.edu/mad/madgreatest",
        "https://mathandmovement.com/famous-black-mathematicians-and-their-contributions/",
        "https://en.wikipedia.org/wiki/List_of_African-American_mathematicians",
        "https://academicinfluence.com/rankings/people/black-scholars/mathematicians",
        "https://www.math.upenn.edu/about/department-history/pioneer-african-american-mathematicians",
        "https://www.britannica.com/biography/Mary-Jackson-mathematician-and-engineer",
        "https://www.mashupmath.com/blog/famous-african-american-mathematicians",
        "https://www.sabes.org/content/11-famous-african-american-mathematicians-you-should-know-about"
    ],
    "What kind of cultures do chile have": [
        "https://www.wikiwand.com/en/Culture_of_Chile",
        "https://www.worldatlas.com/articles/culture-of-chile.html",
        "https://en.wikipedia.org/wiki/Culture_of_Chile",
        "https://culturalatlas.sbs.com.au/chilean-culture/chilean-culture-core-concepts",
        "https://www.britannica.com/place/Chile",
        "https://www.learnfromtravel.com/blog/a-brief-guide-to-chile-culture-people-history-language-food-and-arts",
        "https://www.adventure-life.com/chile/articles/culture-of-chile",
        "https://www.iexplore.com/articles/travel-guides/central-and-south-america/chile/history-and-culture",
        "https://internationalliving.com/countries/chile/culture-and-traditions-in-chile/",
        "https://www.everyculture.com/Bo-Co/Chile.html"
    ],
    "Gas was used for balloons long time ago": [
        "http://www.historyofballoons.com/balloon-history/history-of-gas-balloons/",
        "https://www.newworldencyclopedia.org/entry/Balloon",
        "https://www.scientificamerican.com/article/balloon-evolution/",
        "http://www.historyofballoons.com/balloon-history/",
        "https://en.wikipedia.org/wiki/Gas_balloon",
        "https://www.nationalballoonmuseum.com/about/history-of-ballooning/",
        "https://balloonfiesta.com/Gas-Balloons-History",
        "https://bfa.net/index.php/ranking/177778008-gas-division/flying-a-gas-balloon/1332-important-dates-in-gas-ballooning-history",
        "https://www.pbs.org/wgbh/nova/article/short-history-of-ballooning/",
        "https://www.century-of-flight.net/military-balloon-history-1850-1900/"
    ],
    "Can someone infected with syphillis get symptoms a week later": [
        "https://www.cdc.gov/std/syphilis/stdfact-syphilis-detailed.htm",
        "https://www.verywellhealth.com/how-long-before-std-symptoms-appear-3133026",
        "https://www.msdmanuals.com/home/quick-facts-infections/sexually-transmitted-diseases-stds/syphilis",
        "https://patient.info/sexual-health/syphilis",
        "https://www.verywellhealth.com/syphilis-symptoms-prevention-sti-6749435",
        "https://my.clevelandclinic.org/health/diseases/4622-syphilis",
        "https://www.plannedparenthood.org/learn/stds-hiv-safer-sex/syphilis/what-are-the-symptoms-of-syphilis",
        "https://www.mayoclinic.org/diseases-conditions/syphilis/symptoms-causes/syc-20351756?shortlink=dc203038&shortlink=dc203038&shortlink=dc203038&shortlink=dc203038&c=Homepage&c=Homepage&c=Homepage&c=Homepage&pid=Web&pid=Web&pid=Web&pid=Web&source_caller=ui&source_caller=ui&source_caller=ui&source_caller=ui&p=1",
        "https://www.sfcityclinic.org/faq/how-long-after-being-exposed-syphilis-can-you-be-accurately-tested-also-how-long-after-being",
        "https://www.aad.org/public/diseases/a-z/syphilis-symptoms"
    ],
    "Can dogs eat pomegranite seeds": [
        "https://littlehappypaw.com/can-dogs-eat-pomegranate-seeds/",
        "https://blog.tryfi.com/can-dogs-eat-pomegranate-seeds/",
        "https://www.petful.com/food/can-dogs-eat-pomegranate/",
        "https://www.dailypaws.com/dogs-puppies/dog-nutrition/what-can-dogs-eat/can-dogs-eat-pomegranate",
        "https://www.petmd.com/dog/nutrition/can-dogs-eat-pomegranate",
        "https://www.greatpetcare.com/dog-nutrition/can-dogs-eat-pomegranate/",
        "https://www.m-dog.org/can-dogs-eat-pomegranate-seeds/",
        "https://www.rover.com/blog/can-dog-eat-pomegranate/",
        "https://simplyfordogs.com/can-dogs-eat-pomegranate/",
        "https://www.akc.org/expert-advice/nutrition/can-dogs-eat-pomegranates/"
    ],
    "Really interesting facts about hernando cortez": [
        "https://www.history.com/topics/exploration/hernan-cortes",
        "https://www.bbc.co.uk/history/historic_figures/cortes_hernan.shtml",
        "https://en.wikipedia.org/wiki/Hern%C3%A1n_Cort%C3%A9s",
        "https://www.biography.com/history-culture/hernan-cortes",
        "https://www.britannica.com/biography/Hernan-Cortes",
        "https://www.thoughtco.com/ten-facts-about-hernan-cortes-2136576",
        "https://www.havefunwithhistory.com/facts-about-hernan-cortes/",
        "https://thehistoryjunkie.com/15-facts-abouthernan-cortes/",
        "https://www.nationalgeographic.com/history/history-magazine/article/cortes-tenochtitlan",
        "https://www.worldhistory.org/Hernan_Cortes/"
    ],
    "What language ia used in greece": [
        "https://en.wikipedia.org/wiki/Languages_of_Greece",
        "https://howwidelyspoken.com/what-language-do-they-speak-in-greece/",
        "https://www.sprachcaffe.com/english/magazine-article/what-language-is-spoken-in-greece-alphabets-and-officially-spoken-language.htm",
        "https://www.britannica.com/topic/Greek-language/Modern-Greek",
        "https://www.britannica.com/summary/Greek-language",
        "https://www.milestoneloc.com/languages-spoken-in-greece/",
        "https://www.worldatlas.com/articles/what-language-do-they-speak-in-greece.html",
        "https://thediscoverynut.com/what-language-is-spoken-in-greece-your-complete-guide-2023/",
        "https://en.wikipedia.org/wiki/Greek_language",
        "https://www.britannica.com/topic/Greek-language"
    ],
    "Who is the most famous artist in guatemala": [
        "https://www.discoverwalks.com/blog/guatemala/top-10-most-famous-people-from-guatemala/",
        "https://theculturetrip.com/central-america/guatemala/articles/7-artists-from-guatemala-you-should-know",
        "https://theculturetrip.com/central-america/guatemala/articles/meet-guatemalas-influential-people-discover-rose-fame",
        "https://www.wikiart.org/en/carlos-merida",
        "https://www.last.fm/tag/guatemala/artists",
        "https://www.moon.com/travel/arts-culture/culture-in-guatemala-literature-visual-art-architecture-and-music/",
        "https://en.wikipedia.org/wiki/Category:Guatemalan_artists",
        "https://popnable.com/stories/51132-the-most-famous-guatemalan-musicians-in-2022",
        "https://en.wikipedia.org/wiki/Guatemalan_art",
        "https://www.britannica.com/biography/Carlos-Merida"
    ],
    "What are some fun sex games": [
        "https://www.redbookmag.com/love-sex/sex/advice/g693/fun-games-to-play-in-bed/",
        "https://www.wellandgood.com/fun-sex-games/",
        "https://www.self.com/gallery/best-sex-games",
        "https://www.menshealth.com/sex-women/g18819245/fun-sex-games-for-couples/",
        "https://www.bellesa.co/collective/166/12-amazing-sex-games-to-play-as-a-couple-youre-welcome",
        "https://www.cosmopolitan.com/sex-love/g3801/naughty-sex-games/",
        "https://www.lovepanky.com/sensual-tease/seduction/naughty-sex-games-for-couples-to-feel-horny-again",
        "https://www.mindbodygreen.com/articles/sex-games-for-couples",
        "https://www.oprahdaily.com/life/relationships-love/a28823046/fun-sex-games-for-couples/",
        "https://www.marieclaire.com/sex-love/g4368/sex-games-for-couples/"
    ],
    "How does an elephant attract its mate": [
        "https://sciencing.com/elephants-mate-4574022.html",
        "https://www.smithsonianmag.com/science-nature/how-male-elephants-bond-64316480/",
        "https://vetadvises.com/how-elephants-breed/",
        "https://a-z-animals.com/blog/how-do-elephants-mate/",
        "https://vetadvises.com/how-elephants-mate/",
        "https://ielc.libguides.com/sdzg/factsheets/african_elephant/reproduction",
        "https://wildlifefaq.com/elephant-reproduction/",
        "https://www.britannica.com/animal/elephant-mammal/Reproduction-and-life-cycle",
        "https://news.ohsu.edu/2002/09/30/uncovering-the-secrets-of-elephant-sex",
        "https://www.nationalgeographic.com/animals/article/elephants-older-mating-poaching"
    ],
    "How many calories in cooked beef": [
        "https://www.verywellfit.com/corned-beef-nutrition-facts-and-health-benefits-5198308",
        "https://www.fatsecret.com/calories-nutrition/usda/ground-beef-(80%25-lean---20%25-fat)?portionid=41309&portionamount=4",
        "https://www.fatsecret.com/calories-nutrition/usda/ground-beef-(85%25-lean---15%25-fat-patty-cooked-broiled)",
        "https://www.fatsecret.com/calories-nutrition/generic/beef-stew",
        "https://www.livestrong.com/article/523419-nutrition-information-for-drained-ground-beef/",
        "https://www.fatsecret.com/calories-nutrition/generic/beef-roast-roasted?portionid=1620",
        "https://www.fatsecret.com/calories-nutrition/generic/ground-beef-regular-cooked?portionid=3361&portionamount=1.000",
        "https://www.nutritionix.com/i/usda/beef-ground-85-lean-meat-15-fat-patty-cooked-broiled-3-oz/513fceb775b8dbbc210032b1",
        "https://www.verywellfit.com/beef-liver-nutrition-facts-and-health-benefits-5025125",
        "https://www.fatsecret.com/calories-nutrition/generic/ground-beef-lean-cooked"
    ],
    "How many years do you need to go to college to be a cop": [
        "https://www.khanacademy.org/college-careers-more/career-content/serve-your-community/career-profile-police-officer/a/how-do-you-become-a-police-officer",
        "https://www.publicservicedegrees.org/how-to-become/police-officer/",
        "https://policeacademyhub.com/",
        "https://www.indeed.com/career-advice/career-development/how-to-become-a-police-officer",
        "https://www.becomeopedia.com/cop/",
        "https://www.indeed.com/career-advice/finding-a-job/do-you-need-a-degree-to-be-a-cop",
        "https://www.police1.com/police-jobs-and-careers/articles/how-to-become-a-police-officer-a-cops-guide-ovveuz8ZfXt47oQ5/",
        "https://www.indeed.com/career/police-officer/career-advice",
        "https://www.sapling.com/7736068/many-years-school-become-cop",
        "https://www.rasmussen.edu/degrees/justice-studies/blog/how-to-become-a-police-officer/"
    ]
}